-- phpMyAdmin SQL Dump
-- version 4.8.3
-- https://www.phpmyadmin.net/
--
-- Host: 127.0.0.1
-- Generation Time: Nov 19, 2018 at 01:54 PM
-- Server version: 10.1.36-MariaDB
-- PHP Version: 7.2.10

SET SQL_MODE = "NO_AUTO_VALUE_ON_ZERO";
SET AUTOCOMMIT = 0;
START TRANSACTION;
SET time_zone = "+00:00";


/*!40101 SET @OLD_CHARACTER_SET_CLIENT=@@CHARACTER_SET_CLIENT */;
/*!40101 SET @OLD_CHARACTER_SET_RESULTS=@@CHARACTER_SET_RESULTS */;
/*!40101 SET @OLD_COLLATION_CONNECTION=@@COLLATION_CONNECTION */;
/*!40101 SET NAMES utf8mb4 */;

--
-- Database: `inventory`
--

-- --------------------------------------------------------

--
-- Table structure for table `branch`
--

CREATE TABLE `branch` (
  `branch_id` int(11) NOT NULL,
  `branch_name` varchar(50) NOT NULL,
  `branch_address` varchar(100) NOT NULL,
  `branch_contact` varchar(50) NOT NULL,
  `skin` varchar(15) NOT NULL
) ENGINE=InnoDB DEFAULT CHARSET=latin1;

--
-- Dumping data for table `branch`
--

INSERT INTO `branch` (`branch_id`, `branch_name`, `branch_address`, `branch_contact`, `skin`) VALUES
(1, '1ID', 'PAGADIAN', '0912', 'red'),
(2, '2ID', 'TANAY', '0912', 'green'),
(3, '3ID', 'BICOL ALBAY', '0912', 'blue');

-- --------------------------------------------------------

--
-- Table structure for table `category`
--

CREATE TABLE `category` (
  `cat_id` int(11) NOT NULL,
  `cat_name` varchar(30) NOT NULL
) ENGINE=InnoDB DEFAULT CHARSET=latin1;

--
-- Dumping data for table `category`
--

INSERT INTO `category` (`cat_id`, `cat_name`) VALUES
(13, 'CATEGORY I'),
(14, 'CATEGORY II'),
(15, 'CATEGORY III');

-- --------------------------------------------------------

--
-- Table structure for table `customer`
--

CREATE TABLE `customer` (
  `cust_id` int(11) NOT NULL,
  `cust_first` varchar(50) NOT NULL,
  `cust_last` varchar(30) NOT NULL,
  `cust_address` varchar(100) NOT NULL,
  `cust_contact` varchar(30) NOT NULL,
  `balance` decimal(10,2) NOT NULL,
  `cust_pic` varchar(300) NOT NULL,
  `bday` date NOT NULL,
  `nickname` varchar(30) NOT NULL,
  `house_status` varchar(30) NOT NULL,
  `years` varchar(20) NOT NULL,
  `rent` varchar(10) NOT NULL,
  `emp_name` varchar(100) NOT NULL,
  `emp_no` varchar(30) NOT NULL,
  `emp_address` varchar(100) NOT NULL,
  `emp_year` varchar(10) NOT NULL,
  `occupation` varchar(30) NOT NULL,
  `salary` varchar(30) NOT NULL,
  `spouse` varchar(30) NOT NULL,
  `spouse_no` varchar(30) NOT NULL,
  `spouse_emp` varchar(50) NOT NULL,
  `spouse_details` varchar(100) NOT NULL,
  `spouse_income` decimal(10,2) NOT NULL,
  `comaker` varchar(30) NOT NULL,
  `comaker_details` varchar(100) NOT NULL,
  `branch_id` int(11) NOT NULL,
  `credit_status` varchar(10) NOT NULL,
  `ci_remarks` varchar(1000) NOT NULL,
  `ci_name` varchar(50) NOT NULL,
  `ci_date` date NOT NULL,
  `payslip` int(11) NOT NULL,
  `valid_id` int(11) NOT NULL,
  `cert` int(11) NOT NULL,
  `cedula` int(11) NOT NULL,
  `income` int(11) NOT NULL
) ENGINE=InnoDB DEFAULT CHARSET=latin1;

--
-- Dumping data for table `customer`
--

INSERT INTO `customer` (`cust_id`, `cust_first`, `cust_last`, `cust_address`, `cust_contact`, `balance`, `cust_pic`, `bday`, `nickname`, `house_status`, `years`, `rent`, `emp_name`, `emp_no`, `emp_address`, `emp_year`, `occupation`, `salary`, `spouse`, `spouse_no`, `spouse_emp`, `spouse_details`, `spouse_income`, `comaker`, `comaker_details`, `branch_id`, `credit_status`, `ci_remarks`, `ci_name`, `ci_date`, `payslip`, `valid_id`, `cert`, `cedula`, `income`) VALUES
(1, 'Kenneth', 'Aboy', 'Silay City\r\n', '09098', '0.00', 'default.gif', '0000-00-00', '', '', '', '', '', '', '', '', '', '', '', '', '', '', '0.00', '', '', 1, '', '', '', '0000-00-00', 0, 0, 0, 0, 0),
(2, 'Honeylee', 'Magbanua', 'Brgy. Busay, bago CIty', '09051914070', '303.20', 'default.gif', '1989-10-14', 'lee', 'owned', '27', 'NA', 'Stratium Software', '034-707-1630', 'Ayala Northpoint', '1', 'Systems Administrator', '12000', 'NA', 'NA', 'NA', 'NA', '0.00', 'Kaye Angela Cueva', 'Cadiz City', 1, 'Approved', '', '', '0000-00-00', 0, 0, 0, 0, 0);

-- --------------------------------------------------------

--
-- Table structure for table `history_log`
--

CREATE TABLE `history_log` (
  `log_id` int(11) NOT NULL,
  `user_id` int(11) NOT NULL,
  `action` varchar(100) NOT NULL,
  `date` datetime NOT NULL
) ENGINE=InnoDB DEFAULT CHARSET=latin1;

--
-- Dumping data for table `history_log`
--

INSERT INTO `history_log` (`log_id`, `user_id`, `action`, `date`) VALUES
(1, 1, 'added 5 of LG 43\" UHD TV UH6100', '2017-02-04 01:10:41'),
(2, 1, 'added 100 of Lotion', '2017-02-04 01:10:49'),
(3, 1, 'added 10 of Rice Cooker', '2017-02-04 01:10:55'),
(4, 1, 'added 5 of Samsung', '2017-02-04 01:11:07'),
(5, 1, 'has logged in the system at ', '2017-02-04 08:22:52'),
(6, 1, 'has logged in the system at ', '2017-02-04 08:51:11'),
(7, 1, 'has logged in the system at ', '2017-02-04 13:13:53'),
(8, 1, 'has logged in the system at ', '2017-02-21 18:56:56'),
(9, 1, 'added a payment of -76.6 for , ', '2017-02-21 00:00:00'),
(10, 1, 'has logged in the system at ', '2018-11-15 21:01:47'),
(11, 1, 'has logged out the system at ', '2018-11-15 21:21:40'),
(12, 4, 'has logged in the system at ', '2018-11-15 21:33:11'),
(13, 4, 'has logged out the system at ', '2018-11-16 08:39:40'),
(14, 9, 'has logged in the system at ', '2018-11-16 08:40:15'),
(15, 9, 'added 200 of m16A1', '2018-11-16 09:09:13'),
(16, 9, 'has logged out the system at ', '2018-11-16 19:11:15'),
(17, 7, 'has logged in the system at ', '2018-11-17 15:10:04'),
(18, 7, 'has logged out the system at ', '2018-11-17 15:49:19'),
(19, 7, 'has logged in the system at ', '2018-11-17 16:41:09'),
(20, 7, 'has logged out the system at ', '2018-11-17 16:41:43'),
(21, 8, 'has logged in the system at ', '2018-11-17 16:41:58'),
(22, 8, 'has logged in the system at ', '2018-11-17 16:42:48'),
(23, 7, 'has logged in the system at ', '2018-11-17 16:43:48'),
(24, 7, 'has logged in the system at ', '2018-11-17 16:43:59'),
(25, 7, 'has logged in the system at ', '2018-11-17 16:44:11'),
(26, 7, 'has logged in the system at ', '2018-11-17 16:44:20'),
(27, 7, 'has logged in the system at ', '2018-11-17 16:44:22'),
(28, 7, 'has logged in the system at ', '2018-11-17 16:44:24'),
(29, 7, 'has logged in the system at ', '2018-11-17 16:44:25'),
(30, 7, 'has logged in the system at ', '2018-11-17 16:44:27'),
(31, 7, 'has logged in the system at ', '2018-11-17 16:45:50'),
(32, 7, 'has logged in the system at ', '2018-11-17 16:45:52'),
(33, 7, 'has logged in the system at ', '2018-11-17 16:45:53'),
(34, 7, 'has logged in the system at ', '2018-11-17 16:45:54'),
(35, 7, 'has logged in the system at ', '2018-11-17 16:46:27'),
(36, 7, 'has logged in the system at ', '2018-11-17 16:46:28'),
(37, 7, 'has logged in the system at ', '2018-11-17 16:46:30'),
(38, 7, 'has logged in the system at ', '2018-11-17 16:46:32'),
(39, 7, 'has logged in the system at ', '2018-11-17 16:46:33'),
(40, 7, 'has logged in the system at ', '2018-11-17 16:47:38'),
(41, 7, 'has logged in the system at ', '2018-11-17 16:48:16'),
(42, 7, 'has logged in the system at ', '2018-11-17 16:48:17'),
(43, 7, 'has logged in the system at ', '2018-11-17 16:48:19'),
(44, 7, 'has logged in the system at ', '2018-11-17 16:48:20'),
(45, 7, 'has logged in the system at ', '2018-11-17 16:49:33'),
(46, 7, 'has logged in the system at ', '2018-11-17 16:49:35'),
(47, 7, 'has logged in the system at ', '2018-11-17 16:49:37'),
(48, 7, 'has logged in the system at ', '2018-11-17 16:49:47'),
(49, 7, 'has logged in the system at ', '2018-11-17 16:49:49'),
(50, 7, 'has logged in the system at ', '2018-11-17 16:54:06'),
(51, 7, 'has logged in the system at ', '2018-11-17 16:54:50'),
(52, 7, 'has logged in the system at ', '2018-11-17 16:54:52'),
(53, 7, 'has logged in the system at ', '2018-11-17 16:55:02'),
(54, 7, 'has logged in the system at ', '2018-11-17 16:58:36'),
(55, 7, 'has logged in the system at ', '2018-11-17 16:58:37'),
(56, 7, 'has logged in the system at ', '2018-11-17 16:58:39'),
(57, 7, 'has logged in the system at ', '2018-11-17 17:00:07'),
(58, 7, 'has logged in the system at ', '2018-11-17 17:04:21'),
(59, 7, 'has logged in the system at ', '2018-11-17 17:33:56'),
(60, 7, 'has logged in the system at ', '2018-11-17 17:34:02'),
(61, 7, 'has logged in the system at ', '2018-11-17 17:34:14'),
(62, 7, 'has logged out the system at ', '2018-11-17 17:35:04'),
(63, 7, 'has logged in the system at ', '2018-11-17 17:35:13'),
(64, 7, 'has logged in the system at ', '2018-11-17 17:35:18'),
(65, 7, 'has logged in the system at ', '2018-11-17 17:35:24'),
(66, 7, 'has logged in the system at ', '2018-11-17 17:48:45'),
(67, 7, 'has logged out the system at ', '2018-11-17 17:55:01'),
(68, 8, 'has logged in the system at ', '2018-11-17 17:55:09'),
(69, 8, 'has logged out the system at ', '2018-11-17 17:56:03'),
(70, 8, 'has logged in the system at ', '2018-11-17 17:56:13'),
(71, 8, 'has logged out the system at ', '2018-11-17 17:57:24'),
(72, 8, 'has logged in the system at ', '2018-11-17 17:57:34'),
(73, 8, 'has logged out the system at ', '2018-11-17 17:57:53'),
(74, 8, 'has logged in the system at ', '2018-11-17 17:59:37'),
(75, 8, 'has logged out the system at ', '2018-11-17 17:59:41'),
(76, 7, 'has logged in the system at ', '2018-11-17 17:59:51');

-- --------------------------------------------------------

--
-- Table structure for table `payment`
--

CREATE TABLE `payment` (
  `payment_id` int(11) NOT NULL,
  `cust_id` int(11) NOT NULL,
  `sales_id` int(11) NOT NULL,
  `payment` decimal(10,2) NOT NULL,
  `payment_date` datetime NOT NULL,
  `user_id` int(11) NOT NULL,
  `branch_id` int(11) NOT NULL,
  `payment_for` date NOT NULL,
  `due` decimal(10,2) NOT NULL,
  `interest` decimal(10,2) NOT NULL,
  `remaining` decimal(10,2) NOT NULL,
  `status` varchar(20) NOT NULL,
  `rebate` decimal(10,2) NOT NULL,
  `or_no` int(11) NOT NULL
) ENGINE=InnoDB DEFAULT CHARSET=latin1;

--
-- Dumping data for table `payment`
--

INSERT INTO `payment` (`payment_id`, `cust_id`, `sales_id`, `payment`, `payment_date`, `user_id`, `branch_id`, `payment_for`, `due`, `interest`, `remaining`, `status`, `rebate`, `or_no`) VALUES
(3156, 1, 6, '550.00', '2017-02-21 19:57:12', 1, 1, '2017-02-21', '550.00', '0.00', '0.00', 'paid', '0.00', 1901),
(3157, 2, 7, '550.00', '2017-02-21 19:57:29', 1, 1, '2017-02-21', '550.00', '0.00', '0.00', 'paid', '0.00', 1902),
(3163, 2, 9, '113.30', '2017-02-21 21:31:20', 1, 1, '2017-03-21', '113.30', '0.00', '0.00', 'paid', '0.00', 0),
(3164, 2, 9, '36.70', '2017-02-21 21:31:20', 1, 1, '2017-04-21', '113.30', '9.10', '85.70', 'partially paid', '0.00', 0),
(3165, 2, 9, '0.00', '0000-00-00 00:00:00', 1, 1, '2017-05-21', '113.30', '9.10', '122.40', '', '0.00', 0),
(3166, 2, 9, '0.00', '0000-00-00 00:00:00', 1, 1, '2017-06-21', '113.30', '9.10', '122.40', '', '0.00', 0),
(3167, 2, 9, '113.30', '2017-02-21 00:00:00', 1, 1, '2017-02-21', '113.30', '0.00', '0.00', 'paid', '0.00', 3151);

-- --------------------------------------------------------

--
-- Table structure for table `product`
--

CREATE TABLE `product` (
  `prod_id` int(11) NOT NULL,
  `prod_name` varchar(100) NOT NULL,
  `prod_desc` varchar(500) NOT NULL,
  `prod_price` decimal(10,2) NOT NULL,
  `prod_pic` varchar(300) NOT NULL,
  `cat_id` int(11) NOT NULL,
  `prod_qty` int(11) NOT NULL,
  `branch_id` int(11) NOT NULL,
  `reorder` int(11) NOT NULL,
  `supplier_id` int(11) NOT NULL,
  `serial` varchar(50) NOT NULL
) ENGINE=InnoDB DEFAULT CHARSET=latin1;

--
-- Dumping data for table `product`
--

INSERT INTO `product` (`prod_id`, `prod_name`, `prod_desc`, `prod_price`, `prod_pic`, `cat_id`, `prod_qty`, `branch_id`, `reorder`, `supplier_id`, `serial`) VALUES
(17, 'm16A1', 'dsad', '3900.00', '1ID.png', 13, 200, 5, 0, 8, 'M16');

-- --------------------------------------------------------

--
-- Table structure for table `purchase_request`
--

CREATE TABLE `purchase_request` (
  `pr_id` int(11) NOT NULL,
  `prod_id` int(11) NOT NULL,
  `qty` int(11) NOT NULL,
  `request_date` date NOT NULL,
  `branch_id` int(11) NOT NULL,
  `purchase_status` varchar(10) NOT NULL
) ENGINE=InnoDB DEFAULT CHARSET=latin1;

-- --------------------------------------------------------

--
-- Table structure for table `roles`
--

CREATE TABLE `roles` (
  `role_id` int(11) NOT NULL,
  `role_name` varchar(20) NOT NULL,
  `skin` varchar(20) NOT NULL
) ENGINE=InnoDB DEFAULT CHARSET=latin1;

--
-- Dumping data for table `roles`
--

INSERT INTO `roles` (`role_id`, `role_name`, `skin`) VALUES
(1, 'PAMU', 'red'),
(2, 'FSSU', 'green'),
(3, 'ADMIN', 'blue');

-- --------------------------------------------------------

--
-- Table structure for table `sales`
--

CREATE TABLE `sales` (
  `sales_id` int(11) NOT NULL,
  `cust_id` int(11) NOT NULL,
  `user_id` int(11) NOT NULL,
  `cash_tendered` decimal(10,2) DEFAULT NULL,
  `discount` decimal(10,2) DEFAULT NULL,
  `amount_due` decimal(10,2) NOT NULL,
  `cash_change` decimal(10,2) DEFAULT NULL,
  `date_added` datetime NOT NULL,
  `modeofpayment` varchar(15) NOT NULL,
  `branch_id` int(11) NOT NULL,
  `total` decimal(10,2) NOT NULL
) ENGINE=InnoDB DEFAULT CHARSET=latin1;

--
-- Dumping data for table `sales`
--

INSERT INTO `sales` (`sales_id`, `cust_id`, `user_id`, `cash_tendered`, `discount`, `amount_due`, `cash_change`, `date_added`, `modeofpayment`, `branch_id`, `total`) VALUES
(1, 1, 1, '500.00', '50.00', '500.00', '0.00', '2017-02-04 01:33:28', 'cash', 1, '450.00'),
(2, 1, 1, '550.00', '0.00', '550.00', '0.00', '2017-02-21 18:57:26', 'cash', 1, '550.00'),
(3, 1, 1, '0.00', '550.00', '0.00', '0.00', '2017-02-21 19:49:41', 'cash', 1, '-550.00'),
(4, 1, 1, '550.00', '0.00', '550.00', '0.00', '2017-02-21 19:55:57', 'cash', 1, '550.00'),
(5, 2, 1, '110.00', '0.00', '110.00', '0.00', '2017-02-21 19:56:17', 'cash', 1, '110.00'),
(6, 1, 1, '550.00', '0.00', '550.00', '0.00', '2017-02-21 19:57:12', 'cash', 1, '550.00'),
(7, 2, 1, '550.00', '0.00', '550.00', '0.00', '2017-02-21 19:57:29', 'cash', 1, '550.00'),
(9, 2, 1, NULL, NULL, '0.00', NULL, '2017-02-21 21:16:52', 'credit', 1, '550.00');

-- --------------------------------------------------------

--
-- Table structure for table `sales_details`
--

CREATE TABLE `sales_details` (
  `sales_details_id` int(11) NOT NULL,
  `sales_id` int(11) NOT NULL,
  `prod_id` int(11) NOT NULL,
  `price` decimal(10,2) NOT NULL,
  `qty` int(11) NOT NULL
) ENGINE=InnoDB DEFAULT CHARSET=latin1;

--
-- Dumping data for table `sales_details`
--

INSERT INTO `sales_details` (`sales_details_id`, `sales_id`, `prod_id`, `price`, `qty`) VALUES
(1, 1, 13, '550.00', 1),
(2, 2, 13, '550.00', 1),
(3, 3, 13, '550.00', 1),
(4, 4, 13, '550.00', 1),
(5, 5, 16, '110.00', 1),
(6, 6, 13, '550.00', 1),
(7, 7, 13, '550.00', 1),
(8, 8, 13, '550.00', 1),
(9, 9, 13, '550.00', 1);

-- --------------------------------------------------------

--
-- Table structure for table `stockin`
--

CREATE TABLE `stockin` (
  `stockin_id` int(11) NOT NULL,
  `prod_id` int(11) NOT NULL,
  `qty` int(6) NOT NULL,
  `date` datetime NOT NULL,
  `branch_id` int(11) NOT NULL
) ENGINE=InnoDB DEFAULT CHARSET=latin1;

--
-- Dumping data for table `stockin`
--

INSERT INTO `stockin` (`stockin_id`, `prod_id`, `qty`, `date`, `branch_id`) VALUES
(1, 5, 5, '2017-02-04 01:10:41', 1),
(2, 15, 100, '2017-02-04 01:10:49', 1),
(3, 13, 10, '2017-02-04 01:10:55', 1),
(4, 14, 5, '2017-02-04 01:11:07', 1),
(5, 17, 200, '2018-11-16 09:09:13', 5);

-- --------------------------------------------------------

--
-- Table structure for table `supplier`
--

CREATE TABLE `supplier` (
  `supplier_id` int(11) NOT NULL,
  `supplier_name` varchar(100) NOT NULL,
  `supplier_address` varchar(300) NOT NULL,
  `supplier_contact` varchar(50) NOT NULL
) ENGINE=InnoDB DEFAULT CHARSET=latin1;

--
-- Dumping data for table `supplier`
--

INSERT INTO `supplier` (`supplier_id`, `supplier_name`, `supplier_address`, `supplier_contact`) VALUES
(8, '1FASSU', 'DSADAS', '09');

-- --------------------------------------------------------

--
-- Table structure for table `temp_trans`
--

CREATE TABLE `temp_trans` (
  `temp_trans_id` int(11) NOT NULL,
  `prod_id` int(11) NOT NULL,
  `price` decimal(10,2) NOT NULL,
  `qty` int(11) NOT NULL,
  `branch_id` int(11) NOT NULL
) ENGINE=InnoDB DEFAULT CHARSET=latin1;

-- --------------------------------------------------------

--
-- Table structure for table `term`
--

CREATE TABLE `term` (
  `term_id` int(11) NOT NULL,
  `sales_id` int(11) DEFAULT NULL,
  `payable_for` varchar(10) NOT NULL,
  `term` varchar(11) NOT NULL,
  `due` decimal(10,2) NOT NULL,
  `payment_start` date NOT NULL,
  `down` decimal(10,2) NOT NULL,
  `due_date` date NOT NULL,
  `interest` decimal(10,2) NOT NULL,
  `status` varchar(10) NOT NULL
) ENGINE=InnoDB DEFAULT CHARSET=latin1;

--
-- Dumping data for table `term`
--

INSERT INTO `term` (`term_id`, `sales_id`, `payable_for`, `term`, `due`, `payment_start`, `down`, `due_date`, `interest`, `status`) VALUES
(1, 8, '4', 'monthly', '113.30', '2017-02-21', '113.30', '2017-06-21', '16.50', ''),
(2, 9, '4', 'monthly', '113.30', '2017-02-21', '113.30', '2017-06-21', '16.50', '');

-- --------------------------------------------------------

--
-- Table structure for table `user`
--

CREATE TABLE `user` (
  `user_id` int(11) NOT NULL,
  `username` varchar(15) NOT NULL,
  `password` varchar(50) NOT NULL,
  `name` varchar(50) NOT NULL,
  `status` varchar(10) NOT NULL,
  `branch_id` int(11) NOT NULL,
  `role_id` int(10) NOT NULL
) ENGINE=InnoDB DEFAULT CHARSET=latin1;

--
-- Dumping data for table `user`
--

INSERT INTO `user` (`user_id`, `username`, `password`, `name`, `status`, `branch_id`, `role_id`) VALUES
(6, 'administrator', 'a1Bz20ydqelm8m1wql5f4dcc3b5aa765d61d8327deb882cf99', 'Julito Bunio', 'active', 0, 0),
(7, '1id', 'a1Bz20ydqelm8m1wql5f4dcc3b5aa765d61d8327deb882cf99', '1Infantry Division', 'active', 1, 1),
(8, 'fssu', 'a1Bz20ydqelm8m1wql5f4dcc3b5aa765d61d8327deb882cf99', 'FSSU', 'active', 1, 2),
(9, '3id', 'a1Bz20ydqelm8m1wql5f4dcc3b5aa765d61d8327deb882cf99', '3rd Infantry Division', 'active', 3, 3);

--
-- Indexes for dumped tables
--

--
-- Indexes for table `branch`
--
ALTER TABLE `branch`
  ADD PRIMARY KEY (`branch_id`);

--
-- Indexes for table `category`
--
ALTER TABLE `category`
  ADD PRIMARY KEY (`cat_id`);

--
-- Indexes for table `customer`
--
ALTER TABLE `customer`
  ADD PRIMARY KEY (`cust_id`);

--
-- Indexes for table `history_log`
--
ALTER TABLE `history_log`
  ADD PRIMARY KEY (`log_id`);

--
-- Indexes for table `payment`
--
ALTER TABLE `payment`
  ADD PRIMARY KEY (`payment_id`);

--
-- Indexes for table `product`
--
ALTER TABLE `product`
  ADD PRIMARY KEY (`prod_id`);

--
-- Indexes for table `purchase_request`
--
ALTER TABLE `purchase_request`
  ADD PRIMARY KEY (`pr_id`);

--
-- Indexes for table `roles`
--
ALTER TABLE `roles`
  ADD PRIMARY KEY (`role_id`);

--
-- Indexes for table `sales`
--
ALTER TABLE `sales`
  ADD PRIMARY KEY (`sales_id`);

--
-- Indexes for table `sales_details`
--
ALTER TABLE `sales_details`
  ADD PRIMARY KEY (`sales_details_id`);

--
-- Indexes for table `stockin`
--
ALTER TABLE `stockin`
  ADD PRIMARY KEY (`stockin_id`);

--
-- Indexes for table `supplier`
--
ALTER TABLE `supplier`
  ADD PRIMARY KEY (`supplier_id`);

--
-- Indexes for table `temp_trans`
--
ALTER TABLE `temp_trans`
  ADD PRIMARY KEY (`temp_trans_id`);

--
-- Indexes for table `term`
--
ALTER TABLE `term`
  ADD PRIMARY KEY (`term_id`);

--
-- Indexes for table `user`
--
ALTER TABLE `user`
  ADD PRIMARY KEY (`user_id`);

--
-- AUTO_INCREMENT for dumped tables
--

--
-- AUTO_INCREMENT for table `branch`
--
ALTER TABLE `branch`
  MODIFY `branch_id` int(11) NOT NULL AUTO_INCREMENT, AUTO_INCREMENT=4;

--
-- AUTO_INCREMENT for table `category`
--
ALTER TABLE `category`
  MODIFY `cat_id` int(11) NOT NULL AUTO_INCREMENT, AUTO_INCREMENT=16;

--
-- AUTO_INCREMENT for table `customer`
--
ALTER TABLE `customer`
  MODIFY `cust_id` int(11) NOT NULL AUTO_INCREMENT, AUTO_INCREMENT=3;

--
-- AUTO_INCREMENT for table `history_log`
--
ALTER TABLE `history_log`
  MODIFY `log_id` int(11) NOT NULL AUTO_INCREMENT, AUTO_INCREMENT=77;

--
-- AUTO_INCREMENT for table `payment`
--
ALTER TABLE `payment`
  MODIFY `payment_id` int(11) NOT NULL AUTO_INCREMENT, AUTO_INCREMENT=3168;

--
-- AUTO_INCREMENT for table `product`
--
ALTER TABLE `product`
  MODIFY `prod_id` int(11) NOT NULL AUTO_INCREMENT, AUTO_INCREMENT=18;

--
-- AUTO_INCREMENT for table `purchase_request`
--
ALTER TABLE `purchase_request`
  MODIFY `pr_id` int(11) NOT NULL AUTO_INCREMENT;

--
-- AUTO_INCREMENT for table `roles`
--
ALTER TABLE `roles`
  MODIFY `role_id` int(11) NOT NULL AUTO_INCREMENT, AUTO_INCREMENT=5;

--
-- AUTO_INCREMENT for table `sales`
--
ALTER TABLE `sales`
  MODIFY `sales_id` int(11) NOT NULL AUTO_INCREMENT, AUTO_INCREMENT=10;

--
-- AUTO_INCREMENT for table `sales_details`
--
ALTER TABLE `sales_details`
  MODIFY `sales_details_id` int(11) NOT NULL AUTO_INCREMENT, AUTO_INCREMENT=10;

--
-- AUTO_INCREMENT for table `stockin`
--
ALTER TABLE `stockin`
  MODIFY `stockin_id` int(11) NOT NULL AUTO_INCREMENT, AUTO_INCREMENT=6;

--
-- AUTO_INCREMENT for table `supplier`
--
ALTER TABLE `supplier`
  MODIFY `supplier_id` int(11) NOT NULL AUTO_INCREMENT, AUTO_INCREMENT=9;

--
-- AUTO_INCREMENT for table `temp_trans`
--
ALTER TABLE `temp_trans`
  MODIFY `temp_trans_id` int(11) NOT NULL AUTO_INCREMENT;

--
-- AUTO_INCREMENT for table `term`
--
ALTER TABLE `term`
  MODIFY `term_id` int(11) NOT NULL AUTO_INCREMENT, AUTO_INCREMENT=3;

--
-- AUTO_INCREMENT for table `user`
--
ALTER TABLE `user`
  MODIFY `user_id` int(11) NOT NULL AUTO_INCREMENT, AUTO_INCREMENT=10;
COMMIT;

/*!40101 SET CHARACTER_SET_CLIENT=@OLD_CHARACTER_SET_CLIENT */;
/*!40101 SET CHARACTER_SET_RESULTS=@OLD_CHARACTER_SET_RESULTS */;
/*!40101 SET COLLATION_CONNECTION=@OLD_COLLATION_CONNECTION */;
